Country,"Government revenue as % of GDP
2015–2023 (R)",Over All Expenditure_GDP,Health Expenditure_GDP,Education Expenditure_GDP,social protection expenditure_GDP,Health_budget,education_budget,social protection_budget,ODA inflow,ODA inflow_GNI,ODA outflow,Ouflow as a % of donor GNI,GDP per Capita
Afghanistan,13.0,21.8,0.7,4.3,1.4,4.1,8.2,6.4,3960.0,26.8,,,415.707417059086
Albania,19.3,11.1,2.9,2.7,1.9,9.1,9.8,16.9,339.0,1.7,,,8575.17113446213
Algeria,,16.9,3.3,6.3,2.3,8.8,13.3,13.5,233.0,0.1,,,5364.02795022731
Andorra,,,6.2,2.7,,15.7,7.0,,,,,,46812.4484486309
Angola,21.8,6.4,1.7,2.3,0.5,8.8,7.7,7.7,97.0,0.1,,,2308.15976731274
Anguilla,,,,,,,,,,,,,35374.0
AntiguaandBarbuda,,,3.9,3.6,,15.5,9.8,,6.0,0.4,,,21787.1017315914
Argentina,10.6,15.8,6.1,4.6,3.3,16.2,12.3,20.6,407.0,0.1,,,14187.4827252965
Armenia,23.5,14.1,2.2,2.5,1.5,7.6,9.7,10.9,323.0,1.6,,,8053.0
Australia,26.2,21.3,8.0,5.2,,19.3,13.9,0.0,,,3079.0,,64820.9117890026
Austria,31.7,20.3,9.5,4.8,,16.9,9.0,0.0,,,1836.0,,56033.573792065
Azerbaijan,32.4,14.0,1.5,2.9,0.6,4.6,10.8,4.3,47.0,0.1,,,7125.90858368611
Bahamas,19.8,13.0,4.0,3.1,,13.8,11.6,0.0,,,,,35896.50510715
Bahrain,16.0,15.8,2.8,2.0,,8.7,9.3,0.0,,,,,29218.8605634137
Bangladesh,9.5,5.7,0.4,2.1,0.8,3.1,12.0,13.5,5743.0,1.1,,,2551.01772674142
Barbados,29.5,11.8,4.4,5.1,,12.4,13.6,0.0,,,,,23804.0249914995
Belarus,15.5,18.1,4.9,5.2,2.4,13.2,12.8,13.2,12.0,0.0,,,7829.05313660622
Belgium,23.9,24.2,8.6,6.2,,15.5,11.3,0.0,,,2687.0,,54700.9093236712
Belize,23.8,16.1,3.4,5.0,,13.7,18.9,0.0,21.0,0.8,,,7459.99815132837
Benin,,9.5,0.3,3.2,0.4,1.6,19.0,4.2,874.0,4.9,,,1394.37330217623
Bhutan,20.0,21.0,2.2,8.1,1.0,5.6,17.8,4.6,209.0,7.1,,,3711.0
Bolivia(PlurinationalStateof),,19.3,5.9,7.7,1.9,17.1,23.1,9.8,357.0,0.8,,,3686.27996490544
BosniaandHerzegovina,29.6,19.9,6.5,,2.8,16.4,,14.0,295.0,1.2,,,8638.66620201187
Botswana,29.5,28.9,4.8,8.1,3.0,14.6,21.5,10.3,89.0,0.5,,,7820.0
Brazil,29.6,18.2,4.5,5.8,1.3,10.9,11.6,7.0,602.0,0.0,,,10294.866680778
BritishVirginIslands,,,,2.9,,,11.1,,,,,,47000.0
BruneiDarussalam,,22.8,2.1,4.4,,7.1,11.4,0.0,,,,,32963.0
Bulgaria,28.8,18.2,5.4,4.3,1.1,12.9,10.6,6.0,,,,,15885.5391311331
BurkinaFaso,19.7,20.0,2.7,5.3,1.4,9.8,20.3,7.0,1447.0,7.7,,,882.689810086163
Burundi,17.6,30.5,2.2,4.8,2.1,7.3,20.6,7.0,600.0,17.2,,,193.007145564804
CaboVerde,21.6,20.4,4.7,6.0,,15.8,15.1,0.0,87.0,3.6,,,4850.98415849643
Cambodia,18.1,8.1,2.0,1.7,0.9,7.0,15.7,11.0,1686.0,5.5,,,2429.74853452838
Cameroon,13.7,11.3,0.5,2.6,0.0,2.9,13.1,0.3,1229.0,2.8,,,1737.0
Canada,14.4,21.2,8.0,4.1,,19.2,11.1,0.0,,,9274.0,,53431.1857063879
CentralAfricanRepublic,9.2,8.3,1.3,2.1,2.0,6.4,10.0,24.6,701.0,27.2,,,495.978897153068
Chad,,4.2,0.9,2.5,,4.9,16.5,0.0,726.0,5.7,,,680.639877912029
Chile,26.0,15.1,4.9,4.0,3.5,18.5,19.4,23.4,1.0,0.0,,,17067.8136150601
China,8.4,16.1,2.9,3.3,1.1,8.9,10.5,6.6,-381.0,-0.0,,,12614.0617416421
Colombia,20.1,14.6,6.5,3.9,3.4,19.0,11.6,23.5,1942.0,0.6,,,6947.35928681966
Comoros,,9.3,0.9,2.4,0.4,4.7,10.5,4.3,147.0,11.0,,,1590.31237688317
Congo,20.1,13.1,1.9,3.0,0.4,8.2,15.7,3.2,739.0,4.8,,,2477.97845544866
CookIslands,,,,,,,,,,,,,18806.0
CostaRica,18.0,14.9,5.3,6.3,,25.4,20.1,0.0,666.0,1.0,,,16942.0268119375
Côted'Ivoire,12.2,10.3,1.0,3.5,0.2,5.1,12.8,1.5,2091.0,2.9,,,2530.84659301723
Croatia,24.9,21.1,6.8,5.2,,14.0,10.7,0.0,,,,,21865.4562838641
Cuba,,32.5,12.6,9.4,,21.5,17.0,0.0,145.0,0.5,,,7449.0
Cyprus,30.0,19.1,8.0,5.5,,18.4,12.7,0.0,,,,,36551.41796875
Czechia,25.0,20.4,8.2,5.1,0.8,17.6,10.9,3.9,,,1051.0,,31591.1770732969
DemocraticPeople'sRepublicofKorea,,,,,,,,,13.0,,,,1217.0
DemocraticRepublicoftheCongo,14.2,7.9,0.6,3.0,0.7,4.3,18.4,8.6,3330.0,5.2,,,627.502181690836
Denmark,36.3,22.6,8.1,5.9,,17.8,11.9,0.0,,,2764.0,,68453.8769281145
Djibouti,,14.5,1.0,3.8,0.3,4.2,14.0,2.0,66.0,1.6,,,3554.83918868372
Dominica,,27.4,4.2,4.7,4.1,7.2,7.1,15.1,62.0,9.8,,,9832.99643050057
DominicanRepublic,15.6,11.3,3.3,3.9,1.3,17.7,22.0,11.6,409.0,0.3,,,10717.6276712204
Ecuador,24.5,13.9,5.3,3.6,1.0,14.8,9.3,7.5,397.0,0.3,,,6609.80408154957
Egypt,,6.8,1.7,3.9,2.9,6.8,12.0,43.1,6080.0,1.3,,,3457.45691570455
ElSalvador,24.8,18.0,6.4,4.5,1.4,20.0,12.0,7.5,730.0,2.4,,,5391.06926181338
EquatorialGuinea,26.8,26.0,0.7,,,5.4,,0.0,12.0,0.1,,,6677.793435386
Eritrea,,,0.9,,,2.4,,,57.0,,,,3097.0
Estonia,29.8,20.9,5.7,5.9,2.3,13.8,14.3,10.8,,,201.0,,30133.304450454
Eswatini,24.9,17.6,3.7,6.3,,12.3,16.6,0.0,94.0,1.9,,,3610.60879677551
Ethiopia,5.1,6.3,1.0,3.7,0.7,7.1,23.0,11.0,4993.0,3.9,,,1272.01628209211
Fiji,19.0,20.6,3.4,6.0,0.7,9.4,14.5,3.6,384.0,7.6,,,5888.73668639357
Finland,23.0,25.2,8.4,5.7,,15.1,10.2,0.0,,,1615.0,,52925.6897638424
France,17.4,23.3,9.3,5.2,,15.8,8.9,0.0,,,17559.0,,44690.9345395117
Gabon,14.5,11.6,1.6,2.2,,9.6,13.6,0.0,146.0,0.7,,,7802.83659565049
Gambia,,8.8,1.6,2.7,,7.5,17.5,0.0,285.0,12.7,,,888.157407724123
Georgia,26.5,12.7,3.1,3.8,9.3,10.5,12.2,73.1,400.0,1.6,,,8283.66960242964
Germany,12.5,21.6,10.2,4.5,,19.9,9.2,0.0,,,36445.0,,54343.2265084958
Ghana,15.6,5.9,2.2,2.9,,8.2,12.0,0.0,1077.0,1.4,,,2260.28741289427
Greece,36.3,19.7,5.4,4.1,,9.4,7.1,0.0,,,360.0,,23400.7278817691
Grenada,,,2.2,3.9,2.0,7.0,14.4,,-97.0,-8.2,,,11246.3451228921
Guatemala,13.0,11.6,2.3,3.2,1.3,17.4,19.6,10.9,437.0,0.5,,,5762.82174615918
Guinea,,12.3,0.7,2.0,0.9,4.5,10.0,7.3,526.0,2.7,,,1541.04050914957
Guinea-Bissau,12.0,19.0,1.1,,0.0,4.6,,0.1,156.0,8.5,,,951.242748289294
Guyana,,,3.3,4.5,,12.9,16.1,,205.0,1.5,,,20765.3503593109
Haiti,,6.2,0.4,1.0,,3.9,11.2,0.0,895.0,4.4,,,1705.77905452248
HolySee,,,,,,,,,,,,,21198.0
Honduras,21.7,14.4,3.4,4.4,0.3,12.1,23.2,2.2,817.0,2.7,,,3231.65724461936
Hungary,28.3,20.0,5.3,5.0,1.8,11.0,10.4,9.1,,,371.0,,22141.8669799276
Iceland,31.1,25.7,8.1,7.1,,16.4,14.9,0.0,,,94.0,,79636.9548578508
India,13.2,10.5,1.1,4.6,1.4,3.7,14.6,13.6,3427.0,0.1,,,2480.79208721621
Indonesia,13.4,7.4,2.2,2.4,0.6,12.1,13.9,7.4,607.0,0.1,,,4876.31432703188
Iran(IslamicRepublicof),,13.2,3.2,2.7,,26.1,21.9,0.0,312.0,0.1,,,4465.63766994952
Iraq,38.6,17.7,2.6,,1.3,7.0,,7.3,1711.0,0.5,,,5565.12644647176
Ireland,19.4,12.3,5.2,2.9,,21.0,12.0,0.0,,,2410.0,,103887.800388081
Israel,28.1,22.4,5.4,6.5,,13.2,18.4,0.0,,,,,52642.4267486308
Italy,27.0,18.1,7.1,4.0,,12.4,7.4,0.0,,,6706.0,,39003.3160954123
Jamaica,29.3,13.6,5.1,5.7,1.5,16.2,16.9,11.1,95.0,0.6,,,6839.72503886968
Japan,15.3,21.6,9.2,3.5,,21.5,7.4,0.0,,,16747.0,,33766.5268253808
Jordan,23.5,15.8,2.6,3.2,1.0,7.9,9.6,6.3,2058.0,4.1,,,4455.50540514568
Kazakhstan,12.3,11.3,2.6,4.2,1.6,11.6,24.1,14.4,70.0,0.0,,,12918.8661346014
Kenya,18.0,12.3,2.2,4.6,0.4,9.3,17.9,3.0,2733.0,2.4,,,1952.30457929636
Kiribati,66.0,,11.1,16.6,1.3,10.0,15.4,,95.0,22.1,,,2106.76000405677
Kuwait,38.6,24.8,5.2,,,9.9,,0.0,,,,,33729.7985494456
Kyrgyzstan,24.6,16.8,2.9,8.0,2.6,8.6,21.0,15.4,756.0,6.3,,,1970.15780961839
LaoPeople'sDemocraticRepublic,13.9,14.0,0.7,1.4,0.1,4.4,9.1,0.6,576.0,3.8,,,2066.94979776957
Latvia,27.4,19.7,6.3,5.6,1.0,14.2,12.7,5.2,,,,,22502.8429938094
Lebanon,6.9,3.6,2.9,1.7,,16.7,9.9,0.0,1470.0,7.0,,,3654.0
Lesotho,37.0,34.2,4.2,6.7,5.6,8.0,11.3,16.3,153.0,5.7,,,916.282979328622
Liberia,,,1.1,2.4,,3.7,12.4,,495.0,12.9,,,771.887142089677
Libya,,31.8,,,2.7,,,8.5,274.0,0.5,,,6172.81246940233
Liechtenstein,,,,,,,,,,,,,186400.0
Lithuania,23.2,17.7,5.3,4.8,0.4,14.0,12.7,2.4,,,243.0,,27786.0057829276
Luxembourg,29.7,19.0,4.7,4.7,,11.0,10.7,0.0,,,530.0,,128678.0
Madagascar,10.2,18.7,0.7,3.1,0.2,5.3,14.1,0.8,1043.0,6.7,,,506.159368687808
Malawi,13.4,,1.4,3.3,,5.8,15.8,,1368.0,10.5,,,602.343619809252
Malaysia,16.4,12.0,2.5,3.5,0.6,10.1,20.1,4.7,-6.0,0.0,,,11379.0861000632
Maldives,24.8,,7.2,4.6,1.7,18.2,10.9,,126.0,2.1,,,12530.3602359683
Mali,15.0,17.1,1.3,4.0,0.6,5.0,19.1,3.6,1233.0,6.7,,,869.270234286992
Malta,33.3,17.7,7.1,5.4,,16.2,12.7,0.0,,,,,40395.7692064458
MarshallIslands,31.4,57.4,5.3,7.0,,7.9,11.3,0.0,139.0,47.3,,,6678.34239060448
Mauritania,,18.1,1.6,2.3,2.3,8.3,10.4,12.8,343.0,3.4,,,2120.82320358953
Mauritius,23.4,14.2,3.1,3.6,3.3,10.2,12.2,22.9,82.0,0.6,,,11613.0441587588
Mexico,16.9,11.0,3.0,4.6,1.6,11.0,16.2,14.7,515.0,0.0,,,13790.0243428344
Micronesia(FederatedStatesof),29.8,,1.9,10.5,,2.6,18.6,,147.0,31.5,,,4084.16940424398
Monaco,,,3.3,1.4,,13.6,4.8,,,,,,256580.515122745
Mongolia,23.1,13.3,4.5,4.3,2.2,12.6,10.0,16.4,297.0,1.9,,,5838.63108083902
Montenegro,,18.1,6.5,,1.8,14.4,,9.7,106.0,1.6,,,12221.4775546967
Montserrat,,,,,,,,,,,,,10749.0
Morocco,26.9,18.7,2.2,5.8,2.0,7.2,23.9,10.6,1507.0,1.1,,,3771.4462890625
Mozambique,25.2,16.7,2.6,7.0,1.9,8.2,18.8,11.5,2624.0,15.1,,,623.0
Myanmar,14.3,,1.1,2.1,0.0,4.4,9.8,,1079.0,1.6,,,1233.19666209269
Namibia,31.3,21.8,4.5,9.0,2.8,11.2,25.0,12.9,332.0,2.7,,,4168.0
Nauru,138.8,,11.3,6.2,,9.1,9.6,,37.0,14.1,,,12982.7612060515
Nepal,19.9,6.6,1.8,3.6,1.6,6.5,12.8,24.1,1264.0,2.9,,,1377.62603571292
Netherlands(Kingdomofthe),26.7,25.3,7.9,5.1,,16.9,11.0,0.0,,,6450.0,,64572.0059558854
NewZealand,,21.1,7.7,5.5,,18.6,13.1,0.0,,,515.0,,48280.8114166238
Nicaragua,21.5,12.2,6.1,4.1,,20.1,22.7,0.0,1168.0,7.8,,,2612.87066241288
Niger,,17.3,2.1,4.1,0.4,8.7,12.8,2.4,2107.0,14.5,,,642.937917863471
Nigeria,,,0.5,,,4.1,,,4545.0,1.0,,,1596.63696129001
Niue,,,,,,,,,,,,,19464.0
NorthMacedonia,19.0,16.8,4.6,,1.8,13.0,,10.5,234.0,1.7,,,8624.29360948531
Norway,56.3,21.9,7.0,4.0,,17.8,10.1,0.0,,,5161.0,,87925.0944188399
Oman,,22.1,3.8,4.2,,10.5,14.1,0.0,,,,,21549.8368728192
Pakistan,,10.2,0.8,1.7,0.4,4.6,7.8,4.0,1872.0,0.5,,,1365.27743222493
Palau,24.0,38.3,7.4,,,11.1,,0.0,60.0,22.7,,,15899.4224911152
Panama,11.2,12.8,5.4,3.9,0.8,21.7,11.9,6.5,146.0,0.2,,,18686.4050961265
PapuaNewGuinea,15.3,,1.2,1.9,0.0,5.3,9.2,,682.0,2.2,,,2957.68262498549
Paraguay,14.1,12.0,4.5,3.4,1.3,18.0,24.1,10.6,101.0,0.2,,,6276.35113919957
Peru,18.2,13.7,4.0,3.9,1.2,16.9,17.9,9.0,851.0,0.4,,,7906.58502858
Philippines,16.1,14.2,2.1,3.6,0.5,8.0,15.7,3.9,1841.0,0.4,,,3805.0
Poland,22.1,18.6,4.6,4.9,1.0,10.5,11.2,5.6,,,3481.0,,22056.6661704127
Portugal,28.0,17.0,7.0,4.6,,14.7,9.7,0.0,,,440.0,,27331.2094945255
Qatar,,12.9,2.5,3.2,,8.4,9.3,0.0,,,,,80196.0
RepublicofKorea,32.0,18.9,6.0,5.4,,14.4,14.3,0.0,,,2906.0,,33121.3712885508
RepublicofMoldova,20.0,18.1,5.1,6.1,1.1,14.6,15.8,6.2,933.0,6.1,,,6729.41286813969
Romania,22.5,16.9,4.9,3.3,1.2,12.3,8.1,7.2,,,,,18404.2730871704
RussianFederation,22.1,18.5,5.3,3.7,1.2,15.1,8.9,6.3,,,,,13817.0
Rwanda,18.5,16.6,3.0,4.1,0.7,9.5,12.2,4.2,1121.0,8.3,,,1010.2689290184
SaintKittsandNevis,28.5,,3.5,3.6,,7.9,6.2,,,,,,22573.6724791004
SaintLucia,19.4,,2.6,4.2,,8.7,16.3,,36.0,1.6,,,13554.6651875402
SaintVincentandtheGrenadines,25.6,,3.6,5.5,,9.6,12.9,,16.0,1.6,,,10520.4441534791
Samoa,32.3,18.2,5.1,4.5,0.1,14.7,16.2,0.4,131.0,15.6,,,4330.17840531329
SanMarino,25.1,18.5,7.0,3.1,,17.9,7.9,0.0,,,,,53000.0
SaoTomeandPrincipe,,,3.4,5.2,0.0,13.1,18.3,,57.0,9.6,,,2940.93352926715
SaudiArabia,30.5,23.3,4.6,,,14.4,,0.0,,,,,32093.9622984711
Senegal,21.3,14.7,1.1,5.6,0.9,4.4,22.5,5.9,1522.0,5.4,,,1706.44218024762
Serbia,28.0,15.9,6.3,3.3,1.2,13.4,7.1,7.5,558.0,0.8,,,12281.0
Seychelles,29.4,21.3,4.0,4.7,2.6,10.2,6.7,12.1,0.0,1.0,,,17879.2396545075
SierraLeone,,8.8,1.9,8.8,1.0,6.9,29.4,11.1,546.0,11.0,,,757.85833603088
Singapore,16.2,10.2,3.5,2.4,,20.8,13.1,0.0,,,,,84734.2559206054
Slovakia,25.6,20.1,6.2,4.3,1.5,13.6,9.4,7.3,,,172.0,,24491.3771867262
Slovenia,26.0,19.5,6.9,5.7,,14.0,11.5,0.0,,,169.0,,32610.110922729
SolomonIslands,23.1,29.2,3.3,,,10.5,,0.0,264.0,16.0,,,2041.6364912646
Somalia,0.0,7.0,,0.3,0.2,,4.2,2.9,1969.0,18.7,,,597.458854603159
SouthAfrica,28.8,19.7,5.0,6.6,4.6,15.3,18.5,23.4,1030.0,0.3,,,6022.5425418935
SouthSudan,,,0.9,1.5,,2.1,8.1,,2061.0,15.9,,,478.0
Spain,17.7,19.9,7.7,4.6,,15.2,9.2,0.0,,,4043.0,,33509.0127982139
SriLanka,8.2,6.9,1.9,1.2,0.4,9.5,8.7,6.0,19.0,0.0,,,3827.96495637489
StateofPalestine,23.4,20.2,,5.4,,,,0.0,2336.0,9.4,,,3372.35
Sudan,8.8,16.2,0.8,,0.9,7.9,,5.7,1575.0,3.1,,,2183.44140625
Suriname,,,3.3,3.8,,10.0,13.9,,59.0,1.7,,,5494.07409425517
Sweden,29.4,25.7,9.7,6.7,,19.6,13.5,0.0,,,5458.0,,55516.836477474
Switzerland,10.5,11.4,4.3,5.6,,11.7,14.6,0.0,,,4496.0,,99564.710026145
SyrianArabRepublic,,10.9,,,,,,0.0,8199.0,113.1,,,745.0
Tajikistan,13.9,10.1,1.9,5.4,0.8,7.0,20.4,7.6,612.0,4.1,,,1160.81187026311
Thailand,17.2,16.6,3.6,2.6,1.6,13.5,11.9,9.6,628.0,0.1,,,7182.02525812415
Timor-Leste,51.5,33.1,7.3,3.0,5.3,7.0,7.5,16.0,233.0,6.9,,,1502.51963828284
Togo,15.1,12.6,0.6,3.8,0.1,2.6,14.8,0.9,450.0,5.2,,,985.697512629974
Tokelau,,,,,,,,,,,,,7445.0
Tonga,25.1,30.7,3.6,5.6,,7.3,9.8,0.0,307.0,54.7,,,5218.0
TrinidadandTobago,,,3.3,2.9,3.7,11.1,7.9,,,,,,20016.1503008736
Tunisia,,20.6,4.1,6.2,0.5,12.4,22.7,2.3,1290.0,2.8,,,3977.69516639644
Türkiye,20.5,13.6,3.6,2.6,1.1,11.5,8.8,8.3,892.0,0.1,,,13105.6585678319
Turkmenistan,,9.8,0.9,3.8,,8.7,28.6,0.0,15.0,0.0,,,8232.65225980002
TurksandCaicosIslands,,,,3.3,,,14.3,,,,,,30348.8114409139
Tuvalu,,,10.1,,,8.2,,,66.0,79.9,,,6344.7750188689
Uganda,13.8,9.5,1.1,2.6,0.4,4.9,8.6,4.3,2147.0,4.7,,,1002.30913917142
Ukraine,24.7,41.7,4.1,5.9,5.4,10.2,8.5,13.0,29293.0,16.9,,,5069.703125
UnitedArabEmirates,3.0,14.5,3.4,3.9,,12.9,14.8,0.0,,,,,49040.6947525825
UnitedKingdom,36.8,20.7,10.3,5.4,,22.4,11.2,0.0,,,15761.0,,49463.8554617343
UnitedRepublicofTanzania,14.0,8.1,0.9,3.3,0.2,5.1,13.7,1.9,2729.0,3.6,,,1224.48962402344
UnitedStates,13.0,13.9,9.6,5.4,,21.4,12.7,0.0,,,60329.0,,82769.4122114216
Uruguay,20.4,13.8,6.9,4.4,1.1,22.4,15.4,8.3,1.0,0.1,,,22797.8111731861
Uzbekistan,18.0,16.1,3.0,5.3,0.8,9.9,21.4,4.7,1672.0,1.9,,,2849.51461071911
Vanuatu,30.5,20.6,1.2,2.2,,2.8,5.0,0.0,129.0,10.6,,,3515.23633611798
Venezuela(BolivarianRepublicof),,,1.4,,,5.5,16.6,,272.0,,,,3738.0
VietNam,,8.9,2.0,2.9,1.6,9.0,15.4,17.4,19.0,0.0,,,4282.08851724506
Yemen,,9.1,0.4,,,2.2,,0.0,3696.0,38.0,,,477.409028678688
Zambia,22.0,14.3,2.8,3.6,0.2,9.3,13.9,1.4,1865.0,6.7,,,1330.72780576709
Zimbabwe,8.1,16.7,0.9,2.1,0.3,5.2,15.7,2.1,789.0,2.9,,,2156.0340040333
